quantity,rating,user_id,product_id,date_purchase_id,comment_id
5,4,1151,48,853,333
10,3,121,75,1436,1702
9,1,500,20,1440,1086
4,3,748,24,433,1040
1,5,212,76,149,598
3,2,84,42,258,1459
4,3,172,49,1306,1832
10,5,966,66,858,2324
8,3,483,48,1391,320
7,3,821,14,23,425
4,3,806,42,57,2054
5,4,287,54,767,552
5,5,433,70,213,2106
5,4,99,39,552,1900
1,4,578,46,1237,2360
7,3,185,49,829,2052
3,4,1261,30,1300,2548
10,4,522,31,466,2330
1,2,322,68,415,1559
10,3,140,19,1339,752
4,4,639,73,664,1455
7,1,626,31,1229,379
3,2,521,35,1219,646
6,5,363,57,918,810
2,3,369,68,801,152
10,2,229,32,549,1632
9,1,46,59,917,75
7,4,370,25,484,508
1,4,68,32,993,1738
10,1,160,22,1108,391
6,3,858,63,292,713
8,1,252,54,1318,1969
2,3,268,32,1375,253
8,5,867,67,1373,1891
7,3,284,21,526,1681
3,4,271,29,1169,1526
4,5,29,36,607,829
1,5,1225,1,1223,2973
8,1,37,21,554,1281
9,4,305,77,634,1853
1,2,755,45,1426,793
9,2,230,61,1086,1351
9,1,960,61,1366,1829
6,4,295,52,1174,51
9,4,410,46,516,2211
8,2,582,13,1009,1136
7,1,520,47,1030,2681
7,5,135,59,1138,944
9,5,1081,37,956,1311
9,2,1217,77,668,1108
4,1,522,57,257,1005
7,4,329,60,9,2247
1,5,693,76,927,755
9,2,861,24,303,2306
8,4,682,50,965,1767
10,5,1190,74,955,2939
3,1,108,22,1358,517
9,2,961,59,857,1796
4,2,844,1,864,1129
4,1,363,31,719,1870
2,2,599,39,1312,2492
3,5,1110,32,1259,655
8,1,1192,65,387,628
6,1,356,49,722,2778
4,5,660,77,678,2761
9,2,996,74,190,2264
3,1,225,31,1225,2772
5,2,713,6,1318,1058
4,3,497,4,840,1788
8,3,1264,65,11,1787
5,2,1130,74,411,2836
1,2,583,75,256,883
6,1,432,12,330,2176
8,4,457,59,429,1568
10,3,1247,57,101,1594
6,1,261,24,1153,1558
6,1,702,65,843,1992
3,4,1234,68,153,2608
5,3,618,65,344,389
4,3,1151,19,283,1271
2,1,961,32,305,133
10,5,899,36,470,1575
1,3,232,48,833,1693
2,5,527,49,323,804
5,2,597,64,1354,239
2,2,154,56,1141,2789
7,2,807,19,128,1634
7,1,963,30,1236,1696
6,1,948,22,11,729
2,4,991,71,1115,1146
7,1,585,39,455,1817
1,5,353,42,1444,706
6,4,207,47,1094,2579
1,2,706,54,1072,732
1,2,584,50,1083,2319
3,4,1198,70,1368,2590
4,1,661,21,167,2220
1,5,501,26,26,2870
5,2,609,54,105,1707
8,3,141,50,306,1045
8,2,1049,33,1462,1830
5,1,164,14,312,955
9,2,1014,17,678,1206
10,1,401,11,1399,1002
2,3,705,68,638,1404
10,1,689,74,1280,608
5,3,1234,48,1230,2734
1,3,916,57,1110,1546
8,3,969,55,1240,1114
10,5,660,25,330,936
8,4,699,61,831,2898
8,2,131,21,729,2929
8,5,38,30,1269,703
10,2,325,71,691,629
8,5,867,17,197,604
5,4,239,61,810,893
9,3,845,21,128,1152
4,5,419,48,684,346
9,3,478,59,1116,2270
6,2,1241,66,881,1680
6,5,727,74,601,87
3,3,146,17,1411,2354
7,3,71,48,1098,948
10,4,232,32,477,730
8,5,590,31,261,1735
2,1,1268,66,251,1456
3,5,986,66,357,1903
6,4,863,26,211,353
7,5,407,77,902,2581
9,1,336,23,681,905
6,2,327,31,774,2872
9,1,1112,5,1091,2726
4,1,1209,33,349,707
7,1,802,36,1190,1346
6,1,495,33,1464,2889
3,3,492,19,7,2780
7,5,1097,71,412,1581
4,1,872,69,1432,1652
2,1,1137,48,1457,201
3,3,722,54,785,1272
8,3,696,26,651,1678
5,4,1194,1,875,2299
10,2,1268,71,1360,1265
6,4,9,69,60,1336
9,2,853,32,758,2320
3,4,39,29,272,1156
6,3,545,52,693,914
2,5,1252,24,46,625
2,5,1224,37,1447,454
3,3,149,54,222,558
5,4,662,19,880,1412
10,4,605,17,1215,1193
10,2,876,48,779,790
3,2,306,67,430,1618
7,4,1065,17,714,1385
4,1,971,72,218,1018
8,3,274,59,40,2976
10,2,973,66,735,668
6,4,795,31,792,1234
8,4,88,29,567,373
10,2,477,32,1104,2259
9,5,698,68,409,2168
1,1,801,49,208,896
2,4,1291,64,1039,619
9,4,661,1,1445,34
9,1,108,46,502,2561
8,3,1235,39,674,1434
10,1,224,64,759,440
2,4,451,19,379,1656
10,5,1006,57,535,2551
9,1,722,25,1155,1478
6,5,1233,13,1139,850
5,5,935,47,117,206
10,5,1124,69,249,2383
9,5,993,22,52,217
1,2,982,32,879,1797
1,2,254,32,343,1150
5,1,489,33,1150,2809
10,2,1238,36,6,354
7,3,544,21,848,1574
6,3,1058,32,938,1213
9,5,1194,68,900,1769
10,4,1027,39,1440,1505
10,1,1192,77,438,174
4,2,598,1,1377,501
6,5,735,24,403,1321
7,1,109,19,414,2419
1,1,1009,57,1130,527
2,1,32,39,1136,691
1,1,834,54,1239,85
5,3,119,31,894,2682
3,4,1278,49,82,1690
10,5,81,76,1251,507
1,5,753,21,969,1370
7,3,859,77,1003,2851
8,3,472,32,310,2793
8,3,1188,36,23,715
6,4,888,19,363,282
4,3,264,49,755,303
10,4,178,66,167,2297
6,5,342,46,1265,1343
8,5,723,33,1240,1460
9,5,1000,30,1123,2317
1,1,1129,42,1454,1443
5,1,1270,61,433,1781
9,4,44,77,1156,961
4,1,269,29,1408,745
4,1,5,12,352,360
1,4,22,26,926,1608
1,5,243,35,733,890
10,4,1178,1,1077,2773
5,5,88,61,668,848
2,1,1020,73,7,2754
8,2,657,50,1054,2027
9,1,1239,33,771,1756
8,4,419,1,1320,2119
8,1,1218,17,801,865
10,4,572,46,161,2527
3,2,462,25,192,1139
7,2,228,26,483,138
5,4,29,55,57,1113
1,4,505,22,750,2802
8,4,1113,47,347,2093
2,4,609,69,1199,1785
1,2,668,64,1278,2102
3,4,972,57,1342,2528
10,4,257,47,1221,1548
6,3,1078,36,932,2896
8,1,366,1,513,1931
2,3,436,21,150,416
9,3,1241,78,937,171
9,3,130,30,595,845
5,2,979,19,480,1259
8,4,211,26,772,947
9,3,274,75,151,476
10,1,494,61,682,1617
1,4,196,60,1001,331
6,1,1112,64,654,470
8,1,947,71,353,1643
1,3,266,60,1216,2623
2,5,341,32,275,1887
6,4,772,50,1344,108
7,2,702,30,1338,681
6,5,640,22,267,1068
3,4,1163,77,1215,1544
8,1,1175,47,975,412
8,5,688,14,582,873
6,4,905,77,241,2922
9,5,1070,60,1408,657
6,3,908,59,125,2472
6,5,290,25,143,599
10,5,505,69,534,2534
10,3,737,72,1125,1667
3,4,1275,67,103,1804
4,3,1118,23,72,1719
8,1,474,5,558,756
3,2,632,24,1006,350
1,3,822,8,15,2886
5,5,118,22,1141,1647
4,4,1207,61,832,2181
5,4,886,69,1105,2741
4,4,414,74,106,1286
2,2,233,33,875,486
8,2,1050,52,1336,2562
7,2,750,33,1370,2229
9,5,137,30,462,2467
4,5,1139,45,1235,2868
1,1,1075,25,1080,964
8,2,1171,61,230,1216
5,2,377,58,1123,1101
7,1,933,67,1050,627
3,4,808,47,1053,1674
3,1,138,25,390,1050
6,4,1238,47,1009,2422
6,5,923,70,4,1554
8,1,163,30,824,61
5,5,50,75,954,888
4,5,136,74,1291,1748
5,2,448,73,598,2893
3,5,671,1,1087,546
1,1,671,13,1414,224
1,4,856,48,922,2309
4,5,628,48,960,1564
5,1,884,61,851,2813
3,2,100,77,350,1092
3,1,933,32,1301,1517
4,1,558,72,577,125
7,3,544,19,401,1190
3,2,656,31,324,2231
4,5,488,64,497,2226
10,2,423,47,1110,418
10,1,400,22,191,137
1,3,732,73,998,605
9,1,1088,31,342,878
8,5,897,30,1180,1905
4,2,792,50,292,862
4,1,960,73,1304,1015
4,4,562,73,38,96
3,2,1209,50,453,1666
1,4,109,74,1201,2738
5,4,1131,61,999,1573
1,5,1292,3,883,1577
2,5,673,47,179,2654
6,2,318,63,1045,1615
1,1,53,1,806,1649
10,2,1246,19,836,362
6,5,1220,31,956,2544
9,4,66,46,353,2999
3,5,82,47,14,2272
1,3,957,68,1111,2759
7,2,1230,74,243,990
10,4,158,75,285,2546
1,3,709,22,564,2904
6,2,474,52,21,1757
10,5,1135,60,1346,1212
1,5,498,59,34,2161
7,1,919,47,1429,1882
3,1,1166,42,699,2374
10,2,892,11,1050,1230
7,2,746,42,1163,1611
7,3,207,71,1000,2130
1,3,727,68,272,2831
5,5,696,15,1036,1846
3,1,921,49,1145,1382
5,2,1241,7,608,2255
8,2,768,23,1006,1204
8,5,24,70,840,1561
9,1,499,32,1476,2150
7,1,792,19,1372,803
2,2,1072,66,175,1270
7,2,558,65,1437,55
2,4,1181,71,537,2328
1,4,353,70,56,1356
6,4,978,49,132,1332
2,5,59,19,153,2815
4,5,155,67,1345,195
7,3,410,48,368,1082
8,5,885,32,949,1251
5,1,502,61,454,1011
6,1,491,47,782,1878
3,2,930,65,342,1087
1,3,968,72,813,556
5,2,937,37,191,1938
4,2,1220,72,872,1936
5,5,1135,25,436,1242
1,1,850,75,1439,2583
4,4,951,65,1037,1531
5,4,422,68,235,1924
7,4,46,75,879,2710
3,1,1234,37,1286,1624
9,1,1044,61,280,2722
9,3,1202,46,794,165
4,5,507,74,885,1885
7,3,237,70,519,2514
3,5,1039,37,620,2832
3,2,617,66,727,244
5,1,155,74,619,2426
3,5,161,73,57,1217
9,2,616,39,746,117
4,1,414,32,55,181
4,3,200,35,623,1325
5,4,1052,30,296,2499
7,1,1035,76,74,264
4,1,297,35,369,1285
6,4,43,60,106,1172
9,5,179,25,1478,2834
5,2,338,31,752,2810
2,2,763,77,827,1940
5,3,571,22,364,913
6,5,440,46,804,2905
10,5,860,31,751,1865
2,3,943,54,1282,2111
7,2,350,55,446,2871
10,1,828,29,462,2486
1,4,41,46,79,1123
5,3,703,55,803,1567
6,1,267,60,961,364
1,2,631,72,1095,915
5,3,174,1,877,2683
2,1,68,69,139,2429
9,4,458,46,311,2223
4,4,375,77,225,2446
9,1,531,45,112,2203
5,4,704,65,621,699
5,1,9,46,1039,892
4,3,245,30,655,1084
1,1,790,23,1304,516
4,2,1272,75,734,1790
7,1,414,66,1230,926
5,2,402,55,202,941
3,5,725,54,308,2512
8,2,50,30,423,512
5,5,327,57,962,1418
5,5,549,63,857,1763
3,5,1181,77,816,1310
8,3,740,57,843,2782
10,4,1229,41,477,1859
8,4,145,21,767,2011
10,3,90,47,1023,2510
4,3,1014,42,518,1130
2,5,114,57,541,1670
6,3,101,26,715,2508
6,4,549,32,736,524
8,5,375,71,1153,2365
1,5,845,64,183,438
4,1,209,26,1380,503
5,4,1113,9,1319,2909
2,2,105,68,197,708
1,5,930,23,900,565
10,2,880,35,1237,2624
2,2,1273,60,1143,666
2,2,314,32,738,1845
6,3,262,35,425,2179
10,3,698,22,553,405
6,2,85,71,105,1902
2,3,370,75,1071,2424
8,5,813,23,10,2847
1,5,1107,33,655,1162
3,5,175,26,813,2418
6,1,460,61,1280,1440
2,2,176,22,1031,1127
10,4,767,52,1088,156
10,4,345,60,749,1786
2,2,572,42,737,153
2,4,464,24,1403,304
3,5,510,50,1238,942
1,1,778,35,218,677
10,1,298,31,392,1329
9,3,1067,21,233,1881
9,1,1273,19,1428,1884
9,3,340,46,212,566
3,3,632,9,544,852
1,3,514,68,880,1364
8,3,841,25,607,2296
8,3,613,41,234,1616
4,2,518,69,281,2953
1,5,787,67,548,1745
5,1,170,24,552,1834
2,3,476,74,458,1852
9,5,477,25,369,1019
2,5,390,39,1045,150
3,4,11,65,354,1699
6,4,1098,17,948,996
7,4,948,1,935,1088
10,4,865,54,365,1163
10,2,107,17,404,2109
2,2,558,26,100,2205
9,4,150,19,1220,2965
9,3,901,63,326,724
10,1,17,66,1419,1409
4,4,18,26,760,1214
3,3,407,71,671,492
9,4,824,30,815,1896
4,1,130,32,498,1043
6,3,672,3,1319,124
8,2,588,7,440,2890
1,4,627,35,1048,632
8,3,1226,36,46,2451
10,3,141,42,12,2895
9,4,242,64,1203,2244
4,2,895,57,721,2490
2,1,592,46,505,685
5,4,1194,63,1116,131
3,3,1142,52,971,2395
8,2,890,30,1129,1895
7,4,767,47,1097,1565
1,3,1059,55,619,1381
5,3,145,57,226,1937
4,4,541,52,1127,984
3,3,183,24,1468,180
4,1,976,57,974,2439
3,5,42,45,248,2117
4,1,1014,46,467,339
1,2,741,23,951,1256
1,3,602,66,1407,916
3,5,392,76,863,2430
5,3,1162,65,1128,310
7,1,826,26,842,276
1,4,1194,57,196,658
10,5,1289,46,78,23
4,5,895,71,762,1683
7,3,1180,31,356,2491
6,3,1279,41,123,2678
1,5,463,68,523,1049
5,2,863,23,306,2702
8,5,935,46,338,978
3,2,78,8,86,26
6,1,364,55,1465,2121
4,1,305,68,758,2983
1,1,89,30,380,1908
8,3,1259,68,1055,1991
7,4,815,63,571,1494
2,3,420,69,1467,2805
6,5,910,70,1251,1483
8,2,236,70,166,2916
3,1,23,25,724,1521
3,4,1106,35,954,370
7,5,972,78,149,1688
8,3,435,35,933,1511
7,2,422,32,1093,797
6,4,1175,75,648,863
4,2,1132,26,866,2869
5,1,319,25,81,1119
3,1,910,65,98,2318
4,3,63,61,1131,433
4,3,358,17,1173,323
8,2,1200,68,141,11
4,2,833,73,288,2668
1,5,245,52,576,70
2,5,1247,24,991,2138
8,1,305,29,473,532
1,5,977,49,1303,168
9,1,495,32,109,746
4,2,1196,39,647,1948
6,1,489,69,244,1600
6,4,158,52,714,980
8,4,1003,59,756,2185
1,5,1137,29,473,2132
6,4,405,46,542,221
5,5,102,8,1455,305
8,3,35,57,740,1710
1,2,1192,57,1260,1979
1,5,8,41,361,1034
2,1,763,6,367,2363
3,4,906,23,1097,1368
8,1,991,52,150,359
8,2,1170,25,448,1033
5,3,699,24,153,2940
7,4,1170,73,815,860
10,4,36,63,1246,881
9,3,386,64,1154,759
8,2,850,25,1296,2664
3,5,93,45,1262,1299
9,4,1081,30,244,1698
5,1,361,31,95,2843
3,1,404,57,1059,2564
5,1,42,30,707,2828
10,5,809,61,1275,2278
6,5,1222,72,632,1371
4,5,167,64,644,234
3,3,1045,71,113,577
7,3,200,42,1466,877
1,5,600,47,568,356
10,5,198,45,1024,410
1,4,1059,29,402,761
1,5,77,35,851,2370
10,4,701,37,1113,2552
10,3,336,61,1360,907
1,5,1074,39,123,435
2,4,1026,60,466,338
2,4,824,57,1109,2825
3,2,475,77,717,633
4,2,1104,17,1325,2520
5,5,731,61,1263,1142
9,3,633,26,1033,145
6,1,791,29,321,2934
3,2,1131,23,705,1998
9,2,1148,70,350,2923
8,5,920,57,1333,1671
3,1,847,71,210,302
3,4,340,32,278,1280
5,1,150,35,924,2290
3,5,1218,57,1412,1588
8,1,483,41,1324,95
3,4,154,37,827,2082
6,4,693,33,311,1218
4,3,1284,48,336,2385
1,1,750,65,1374,249
7,3,1191,39,438,814
1,3,1024,50,998,1268
7,2,98,35,971,2265
3,3,1004,30,8,113
5,1,1177,46,732,1436
2,3,220,32,1385,1766
1,2,956,21,1107,1379
8,3,218,29,716,2069
1,2,550,54,1312,1597
4,2,1140,61,1440,557
7,2,587,77,561,2650
6,2,803,7,348,240
6,3,749,48,138,2899
10,2,762,15,111,2604
6,2,562,1,332,2225
4,1,316,21,1006,2819
6,5,1184,65,1168,69
4,4,1025,1,1190,631
6,1,627,25,487,1361
9,5,621,24,341,2139
10,4,69,77,1315,188
5,1,1197,30,532,2747
3,4,365,42,101,2368
9,5,575,77,1433,2498
8,2,738,49,511,2008
1,2,268,55,834,650
2,5,699,74,641,976
4,2,153,45,302,1231
9,3,1086,23,1342,283
9,2,1136,50,1235,939
4,1,835,75,302,1171
7,4,352,32,760,794
7,3,878,48,1101,2005
7,4,949,31,1162,2692
7,4,903,77,1450,2880
3,3,870,77,854,1977
1,5,802,17,1283,2554
3,2,852,70,406,1151
2,3,447,76,523,1355
4,5,447,26,657,325
9,2,1145,29,93,192
6,4,862,69,579,116
7,5,249,32,1139,184
4,5,139,60,942,969
2,1,521,45,482,2021
6,1,1176,32,1187,1579
9,3,874,68,456,1914
1,5,222,47,125,251
1,1,879,25,1084,1655
3,4,133,21,714,5
2,5,1130,69,1001,611
9,3,839,29,289,2714
4,4,144,54,938,1154
3,5,869,73,1209,2806
10,3,553,23,386,453
8,5,187,46,1218,1673
5,1,1134,63,79,2028
6,3,937,75,314,1724
2,3,162,50,1099,19
1,4,383,65,450,351
8,4,282,1,1246,294
9,4,1085,46,477,2763
4,1,380,29,34,1249
10,4,914,10,418,1799
7,3,881,46,1247,1913
5,4,1268,76,493,2034
2,2,110,73,1132,734
7,4,33,61,1262,31
1,3,305,42,295,2559
3,1,961,65,137,290
5,3,416,21,656,1447
10,2,621,72,321,2731
2,4,1059,52,1344,2123
8,1,160,53,795,872
2,4,886,60,7,594
8,2,4,60,902,2394
7,3,221,15,1364,2756
9,3,968,10,1087,1960
4,5,561,57,1288,1775
7,5,833,42,230,448
5,1,214,37,344,1860
10,5,999,31,1311,2019
4,5,896,35,1107,562
7,5,1051,22,1170,1201
2,2,640,36,45,2589
4,5,374,73,298,1065
2,5,1238,57,859,178
7,5,74,39,916,1032
2,3,397,49,841,1395
2,3,867,21,204,1237
10,1,752,68,830,1227
3,4,188,35,363,991
2,1,189,45,1308,689
10,2,766,21,1189,1585
1,1,636,8,1249,1954
7,3,781,68,117,2209
3,5,213,71,585,462
5,3,746,66,199,211
7,4,643,77,855,110
1,4,383,76,787,1994
5,1,809,32,973,1255
8,3,854,72,832,437
3,1,1096,74,32,525
4,2,50,30,1227,2696
5,3,1234,47,633,2769
3,1,715,23,547,456
2,1,167,60,391,1422
7,3,395,13,1289,2350
3,2,764,31,110,121
5,1,963,26,1232,1352
7,2,466,21,1197,1907
9,4,1214,37,125,1759
1,1,617,26,720,1944
10,2,1095,50,1181,2257
5,1,851,67,193,2149
2,1,950,70,303,1923
10,4,355,24,150,9
1,3,1020,14,224,526
5,3,391,26,469,2135
5,1,1203,19,1135,975
2,2,291,23,609,902
6,2,654,33,1049,365
6,4,472,26,1214,1926
1,4,374,64,500,160
3,3,884,52,170,2070
2,1,469,55,1017,348
6,5,575,39,682,2737
10,1,1241,55,1198,2506
10,5,1099,22,1367,378
1,3,1024,46,812,823
6,3,569,59,550,151
10,5,402,39,43,1069
10,3,388,35,559,1200
7,1,705,24,329,2744
6,1,128,61,473,2025
5,2,873,41,231,2072
6,4,940,19,188,1189
10,1,792,71,220,2572
10,4,489,37,919,2118
9,4,594,37,783,1863
10,5,978,23,924,1468
10,1,1229,42,1363,428
2,3,515,23,250,473
3,4,421,37,1208,1243
2,3,597,31,1241,56
1,2,80,45,461,965
2,4,1163,54,1043,1915
9,3,578,22,50,1104
9,1,1224,71,429,2261
7,5,396,21,547,312
8,5,679,47,1372,430
3,3,79,70,1084,496
4,1,416,31,665,908
6,1,857,57,663,1686
4,5,912,77,773,190
1,3,609,19,1122,1014
8,2,149,33,1149,1625
1,2,143,24,364,2746
3,4,315,72,1355,1323
7,4,771,65,662,593
5,3,470,21,976,101
10,5,751,9,1041,2891
5,3,116,17,631,2783
1,2,522,64,1238,2042
3,3,889,67,1250,993
9,5,808,50,1177,1347
5,5,383,68,116,2348
6,1,54,36,1296,531
4,2,754,52,702,2075
9,1,968,77,1148,422
10,3,43,41,1024,535
10,4,875,70,563,2471
7,1,339,29,30,1012
5,2,630,57,669,2303
4,3,1188,59,1090,1753
10,5,1164,37,614,2464
7,3,933,21,529,164
2,4,413,31,905,2249
7,2,1128,5,247,2606
4,3,749,25,60,1981
8,2,37,31,1332,474
4,4,1220,17,1356,407
10,1,824,71,660,2598
9,5,144,26,83,710
7,3,362,52,474,322
4,5,518,68,882,1772
2,2,547,24,243,616
9,2,785,77,1080,1535
3,3,685,55,703,2954
6,5,222,48,107,1138
2,5,265,37,1315,415
8,4,1125,35,1006,1920
5,3,1094,29,466,1446
9,4,502,29,16,773
6,4,1010,30,1106,1208
1,2,456,52,308,1984
7,4,765,7,1276,399
3,2,81,73,224,1595
10,2,999,68,941,2970
2,5,347,36,830,572
6,2,501,59,790,2327
8,1,1116,24,446,591
9,2,489,37,1063,1492
6,4,1280,1,203,911
7,1,967,5,1388,1826
4,2,972,77,106,547
9,5,1208,54,125,1380
10,5,1104,66,158,660
7,1,1249,68,1199,1056
7,4,90,77,760,250
5,2,32,42,1315,506
8,3,325,52,1248,3000
7,2,730,40,586,1642
8,4,648,59,543,1307
4,1,637,60,1393,2644
4,4,216,74,707,2233
6,2,891,52,458,40
7,1,811,57,1185,2743
3,2,1099,42,147,2321
10,5,608,45,1320,2523
5,4,399,37,1148,1157
7,4,1155,55,1109,754
8,1,620,77,148,1302
3,5,503,76,694,2945
3,4,241,37,1408,2344
2,4,709,77,113,966
10,2,922,57,1293,1679
6,4,615,54,1356,2408
10,5,1269,31,433,2089
9,3,624,59,245,111
9,3,264,64,832,329
8,1,940,49,1364,727
7,2,1048,32,1270,542
6,4,1274,17,65,493
3,5,515,35,468,1421
2,3,345,74,1140,1999
8,5,1,9,91,1947
9,2,720,61,1425,1919
4,5,94,16,1287,1869
5,4,663,70,556,500
8,2,765,17,313,816
5,5,1083,52,1430,2017
4,2,255,33,531,1452
2,5,523,23,1121,2323
5,3,1093,71,395,502
8,2,207,55,137,1965
6,4,1082,68,1299,1695
8,1,530,47,37,2378
1,2,1290,1,596,766
9,3,463,68,125,469
1,4,1206,67,443,509
9,4,549,37,37,1741
10,4,1086,1,928,1687
4,4,240,67,908,2658
6,1,1039,71,1212,2706
1,3,1285,32,83,1654
9,2,1288,52,904,1867
3,1,884,33,1037,1888
9,1,222,22,282,260
3,3,681,50,160,107
8,1,102,30,24,923
8,1,756,52,1027,1327
9,5,258,76,1255,223
2,2,315,25,27,1144
1,2,237,10,850,1547
5,3,73,31,1336,1951
4,3,107,69,1471,1022
5,4,1256,12,1141,175
2,5,1202,65,201,1730
4,1,335,68,118,2568
10,3,78,24,638,511
3,5,278,73,1333,2447
2,4,720,69,27,1284
1,2,797,1,661,2313
1,4,383,52,777,2356
10,3,987,47,977,945
5,1,22,63,1257,2140
8,5,1014,45,828,2413
10,1,977,60,600,2159
1,2,844,16,1209,2755
1,1,771,15,115,2560
1,1,345,26,212,1626
4,1,793,61,627,1296
2,5,296,68,1280,2302
10,3,439,69,875,170
9,5,1146,42,643,1628
5,1,593,19,413,2300
10,5,575,29,1055,198
1,2,1184,31,845,1209
10,5,612,74,11,2145
4,5,227,55,1435,1016
5,3,570,77,569,2653
8,4,222,59,864,2143
8,1,162,69,641,2577
10,3,777,52,1422,2919
10,1,441,75,1096,1778
2,4,1231,66,20,2286
3,2,477,48,131,2460
1,1,759,23,454,1774
5,4,1236,66,764,2936
6,4,691,16,895,2687
7,5,824,26,171,2026
7,5,590,77,254,210
3,3,488,1,915,864
3,2,1242,25,730,2876
2,2,420,24,1283,22
2,4,327,57,1066,209
10,1,505,13,469,1602
4,1,150,31,986,595
10,2,328,65,41,114
2,3,251,21,602,295
9,1,860,57,1256,183
8,5,364,1,224,2638
6,1,972,29,1086,429
10,2,1046,77,654,574
8,2,1192,12,464,1515
2,4,1044,52,723,1359
10,3,881,55,1453,1712
3,4,795,17,1298,2526
5,3,1165,1,981,528
1,4,1040,15,1091,2794
3,1,137,23,1102,2628
2,4,1042,48,1184,1516
6,3,1080,54,1391,1542
10,3,391,32,1323,1529
7,2,773,31,326,979
8,1,332,55,1176,856
3,5,478,1,35,2078
3,2,686,42,793,1100
3,1,1144,47,633,1278
3,1,776,33,463,634
10,2,524,4,422,343
9,5,928,1,380,2978
5,2,524,60,129,122
4,5,997,72,1002,983
6,3,917,25,1348,2461
10,2,941,59,1037,18
7,4,178,24,636,957
6,2,496,77,1277,281
2,2,760,52,491,2611
10,4,479,70,1070,140
5,5,846,29,1423,505
5,5,317,59,144,297
1,3,480,55,221,293
6,4,352,72,236,1782
5,3,834,46,157,2912
1,5,337,71,274,1669
9,3,237,63,532,2083
4,4,1253,54,198,179
1,2,75,45,868,1155
1,3,175,71,226,2215
2,2,216,52,228,2044
3,3,540,67,989,2997
1,2,987,61,35,3
1,3,79,39,272,1821
6,2,1199,21,684,690
2,2,229,74,1004,63
3,4,1132,48,390,363
7,5,969,36,565,118
7,3,743,33,122,1462
5,3,356,72,1136,2114
6,3,319,31,482,481
6,3,1182,21,877,2599
4,3,321,21,607,2081
8,3,994,65,832,2193
7,2,1256,70,269,1591
10,2,652,63,49,71
10,5,1244,25,1445,2142
2,1,32,21,919,722
5,5,414,74,737,1349
8,5,954,25,296,2539
3,5,1108,31,1398,876
6,2,1070,68,22,2388
9,2,330,71,718,1570
7,2,823,49,796,999
8,1,960,26,238,261
9,2,1245,54,845,2414
9,1,1130,32,1236,2200
7,3,1212,19,824,167
3,1,554,57,503,2536
6,3,1088,70,359,1333
7,4,829,76,552,2569
8,2,41,67,1430,91
1,4,586,71,1244,2196
9,5,560,68,1316,770
6,2,368,45,1339,750
4,5,995,39,45,1562
8,4,1090,45,181,796
8,1,243,57,1251,2479
2,4,1225,65,165,2627
8,1,521,72,1205,2689
6,3,961,67,50,207
5,5,363,63,976,559
5,5,367,52,583,2001
10,5,1144,60,476,2648
10,3,34,35,347,1717
9,2,850,48,772,1397
9,1,1014,77,241,2669
10,2,847,36,1215,1405
2,3,1120,54,1014,32
5,4,310,25,1053,1824
6,1,434,65,1313,392
5,2,346,66,916,2955
9,2,599,6,1203,1170
6,1,1003,19,1062,2359
3,5,509,21,1226,962
6,3,868,70,225,33
1,4,1056,50,1259,455
9,3,885,54,479,2437
7,3,404,71,611,2239
2,5,333,48,691,538
7,4,1017,55,1463,1291
9,1,1145,19,529,1432
5,2,1196,19,486,652
7,3,389,30,1143,2217
3,3,1199,64,1404,1706
6,4,1001,45,1338,2591
4,3,289,55,229,1463
7,3,229,10,1444,2124
9,2,541,1,325,2129
7,4,692,30,1386,1449
10,1,1090,45,484,2811
1,5,481,24,1217,1267
8,4,1018,61,7,1990
4,5,108,70,550,656
6,3,357,31,297,1731
5,3,1217,59,922,1219
8,1,839,46,1164,2808
5,5,306,24,355,821
1,4,936,66,1329,483
8,5,874,48,1061,739
2,2,286,66,1108,1996
2,1,601,57,1305,2416
2,3,108,33,153,2031
8,5,469,47,983,857
8,5,132,77,777,2723
9,4,1190,22,82,1442
4,4,688,68,892,2445
1,4,638,61,12,2
5,1,988,48,888,1316
3,2,963,30,74,695
5,1,400,73,345,1777
8,3,341,65,765,2705
3,3,307,57,609,1802
5,5,143,41,287,2640
5,1,335,72,814,1226
8,4,95,49,985,2243
4,2,91,22,1032,1438
5,5,41,76,497,2104
9,3,444,27,424,1857
7,5,1011,48,1437,2853
10,1,993,57,419,992
10,2,1037,55,1146,774
8,3,102,32,184,1644
3,2,392,1,394,1635
3,1,944,57,1274,2699
4,2,606,69,440,2719
5,5,1056,17,1188,2963
10,2,1075,52,658,65
4,5,803,1,167,2751
9,3,588,60,1085,2060
8,1,11,17,1392,2219
6,2,182,59,36,406
8,3,944,55,326,1109
2,4,377,25,960,2197
8,4,402,21,531,1961
2,4,549,29,377,2882
2,1,157,30,40,1658
2,3,290,25,985,834
6,5,566,23,177,1145
6,1,14,25,1111,1360
10,3,586,33,57,2926
10,4,710,1,301,2700
9,2,585,47,1082,820
1,3,610,42,64,2996
5,5,1153,30,593,1295
5,4,136,63,1030,1692
6,2,1200,21,129,592
1,1,91,46,471,899
3,3,1120,76,558,395
7,4,707,23,22,1906
4,1,395,71,340,2434
5,2,355,1,461,2887
8,3,1139,59,172,2914
5,5,493,26,356,2959
10,4,1191,31,485,326
9,5,93,26,1439,2191
10,5,552,77,439,1749
8,5,188,21,852,841
4,2,84,63,414,1079
8,4,677,65,29,1507
6,1,1004,36,81,222
2,3,1110,21,1330,1454
7,1,397,46,138,2932
5,4,796,24,478,135
7,2,1073,22,577,2004
6,1,651,72,575,1603
2,2,1281,57,1424,815
4,2,615,41,927,1653
3,2,222,59,846,1737
6,2,934,63,835,951
4,1,314,31,894,1890
10,5,179,1,484,2915
1,1,1005,1,1191,2835
7,4,18,24,1172,2275
8,4,223,7,137,424
4,1,84,54,1456,1989
5,4,425,21,271,2757
7,1,1122,71,1021,2399
3,5,340,68,126,2164
7,1,665,77,268,2331
2,4,1011,54,383,1560
10,5,694,33,620,2720
1,5,535,46,504,637
10,1,877,72,75,827
9,2,294,63,1165,1074
5,3,971,39,246,1789
6,1,477,35,1371,2065
1,1,508,49,957,1469
2,1,694,23,1179,1350
9,2,743,65,596,2221
9,3,535,46,988,142
9,3,867,11,529,1751
5,4,1035,59,397,347
7,1,388,69,1316,2068
2,2,458,68,1303,578
1,2,329,17,590,2357
5,5,615,48,382,2120
9,1,921,77,1288,2816
9,3,651,50,674,2476
4,2,57,61,982,2974
1,4,991,21,736,212
3,1,78,58,13,1623
2,4,1277,65,196,301
5,1,10,75,645,1246
3,4,271,37,431,2038
10,2,1023,71,75,1566
6,5,632,32,615,1668
3,4,863,23,1276,1592
4,3,455,26,1347,1183
9,5,744,50,82,587
7,5,1260,46,237,818
5,5,824,5,1322,2222
10,4,911,76,626,1732
9,3,1105,36,718,2906
6,2,370,22,836,786
8,1,552,17,473,2647
9,1,1016,61,33,2213
8,2,803,26,1004,885
4,2,706,56,227,279
8,4,84,69,615,1235
6,2,888,67,893,1743
2,3,867,52,371,248
2,3,169,21,775,2913
8,3,538,52,654,2442
9,2,501,25,679,1657
4,2,1184,68,536,927
1,2,1014,64,1407,2311
3,5,1253,74,336,169
1,4,53,19,134,1590
9,3,712,29,1256,2387
8,4,838,67,719,903
2,3,307,37,1096,1980
7,3,889,37,21,341
2,3,1038,29,1146,2957
4,2,208,39,954,64
9,5,24,31,263,836
2,1,1124,48,225,2639
6,4,990,33,1311,1089
10,5,871,13,1440,1898
5,2,746,30,1150,1393
3,1,71,68,1359,157
1,5,199,17,341,2076
6,5,487,70,444,2944
6,2,126,5,618,52
10,1,762,30,551,1402
3,5,707,68,950,2023
8,2,202,24,140,130
10,2,793,26,967,44
4,5,878,46,402,723
9,5,428,19,1342,1809
3,1,1051,9,145,792
3,4,159,17,185,2417
4,4,876,76,1321,2574
4,2,663,70,883,1007
3,4,930,21,195,2086
3,1,217,61,891,1039
8,3,989,26,973,1952
9,2,1065,49,123,1486
1,3,407,33,996,2995
2,1,148,77,253,2266
5,4,416,61,754,2525
8,2,150,17,571,1441
6,4,340,67,625,445
6,3,297,21,994,1390
4,1,849,75,1384,139
7,1,444,65,64,1274
1,1,830,31,1286,2307
7,3,957,32,731,782
5,2,975,54,764,2458
9,2,895,61,225,2712
9,3,692,71,1018,2625
10,2,768,70,1125,1963
1,4,165,32,16,1294
10,3,294,22,646,1700
10,2,526,61,711,2237
4,1,524,22,1287,1078
7,4,1100,73,1044,2833
4,5,1240,45,295,265
4,4,73,57,1143,2457
4,5,288,26,59,342
3,1,546,10,621,2612
5,5,97,23,773,2721
7,2,811,22,641,2501
8,3,1292,25,1350,1430
6,2,800,61,1236,1167
9,3,110,46,649,1801
10,2,792,74,824,2519
2,3,1169,72,239,1599
7,4,155,30,1074,2775
4,4,376,39,539,176
4,1,434,12,1380,1927
9,4,714,69,792,665
3,4,1113,30,776,510
5,3,206,61,1038,2500
1,1,159,64,623,583
6,2,1084,21,464,2750
4,3,864,48,768,697
9,4,1210,69,1189,471
3,1,661,45,739,981
9,1,1026,61,345,1490
2,5,579,74,17,620
6,2,1258,33,806,398
7,1,935,19,1051,952
10,2,1017,64,74,2661
9,1,905,47,1407,891
1,3,1113,42,499,2673
4,4,411,37,106,2852
9,2,935,52,1400,596
7,2,236,57,1056,1288
8,2,1276,48,837,2091
9,3,1239,70,183,1488
1,5,1200,67,1124,1403
2,2,571,65,1058,2829
9,2,368,49,136,1388
1,2,624,44,675,953
1,2,1149,24,744,2281
6,5,222,73,54,530
8,2,536,72,966,2930
7,5,858,74,1190,385
9,5,98,68,863,645
4,2,1250,12,441,898
1,2,1109,23,307,155
4,1,80,71,114,573
10,3,790,41,56,1530
4,4,804,76,1460,1229
5,4,942,71,1116,419
3,2,618,31,372,2943
1,2,1160,42,311,2822
3,2,259,77,259,601
4,2,744,50,1375,2113
9,3,300,63,769,187
3,2,55,63,610,651
10,5,995,67,220,163
3,3,838,57,708,2049
4,4,758,29,465,306
1,1,270,31,719,2271
8,1,549,23,703,700
7,2,1026,24,1401,467
9,5,576,48,378,225
3,2,172,57,499,2538
7,3,527,68,1005,988
8,5,453,30,164,1576
8,2,376,60,1194,614
9,2,1235,1,603,1798
3,2,632,71,878,1685
5,5,1127,47,896,2576
7,3,192,60,18,1264
8,3,676,61,1397,861
6,1,1005,24,1467,545
10,4,392,24,1012,585
9,3,1158,41,1036,2020
10,1,63,65,131,2580
4,2,128,6,218,2651
6,2,1042,29,905,1833
10,4,1216,15,960,1424
7,1,634,29,159,1260
3,3,482,17,322,194
9,4,934,61,1197,2497
2,3,1094,71,639,1061
3,4,868,50,1278,1776
10,3,13,46,448,154
2,4,100,42,987,1341
7,4,14,54,672,1659
1,1,705,49,823,1473
4,1,868,48,713,2797
4,2,333,64,469,2675
6,3,1122,29,695,2715
3,2,1185,19,1092,1551
6,5,396,59,1077,1184
8,2,1157,26,10,396
7,4,613,5,1285,1147
9,2,184,73,962,2845
5,5,452,31,170,2935
3,5,977,52,276,639
9,2,1123,61,59,1563
5,4,253,30,480,2335
5,3,142,37,398,2925
2,2,625,64,920,1500
10,2,1114,7,1385,1378
9,1,235,33,1332,2483
7,1,709,11,415,1029
2,3,365,30,795,21
10,4,1153,1,799,1205
5,2,539,26,494,763
9,3,802,57,780,1528
5,3,977,69,276,1549
10,2,700,73,1157,2431
3,4,97,77,307,2147
6,3,203,46,867,717
4,3,452,77,696,900
1,5,491,60,1308,491
7,3,1173,59,472,1587
6,4,128,21,851,1319
9,4,155,17,558,99
1,5,1011,77,1097,742
4,5,601,22,342,2717
2,2,991,55,862,933
7,1,429,8,618,1485
5,3,1080,17,255,2058
4,4,869,65,805,1814
9,2,796,52,766,806
10,1,845,60,1301,309
8,5,417,54,545,186
1,2,461,46,110,2216
10,5,323,17,163,2444
2,2,295,37,938,2043
3,4,1248,45,337,2228
4,5,300,29,27,711
7,3,848,68,1276,859
2,5,67,68,1114,588
10,2,164,21,1015,427
8,5,1071,21,357,1030
6,5,530,57,146,1026
4,1,287,47,1009,1111
7,4,321,19,1091,263
10,4,1210,1,98,1939
9,4,873,52,592,2062
3,2,1024,31,221,2403
7,2,549,59,1156,2061
2,3,269,45,95,2051
4,2,1091,77,1304,851
4,2,725,29,673,2634
5,5,465,29,874,382
4,2,449,1,223,2856
3,2,915,69,597,2108
9,3,595,52,965,386
3,3,312,57,959,2406
3,4,419,39,177,1070
6,4,1000,63,904,2258
3,4,1274,42,600,1941
1,3,1174,75,592,2435
5,5,860,35,1145,1604
6,4,810,59,965,2958
8,4,609,77,357,314
8,1,560,57,968,2837
4,4,289,50,1231,238
8,4,1053,25,740,205
4,1,832,26,286,1439
1,3,84,75,1225,2009
7,5,251,72,1434,77
4,2,1274,30,1097,1004
4,1,534,36,1358,13
2,4,2,45,595,776
7,5,40,77,1464,2565
1,3,1033,25,1052,1035
5,2,953,73,877,871
8,1,596,52,834,1596
4,5,778,70,613,1762
1,2,578,24,480,1115
3,2,1193,7,406,606
1,2,465,75,1317,2535
2,5,275,30,1447,459
6,3,926,33,290,2263
6,4,357,17,1338,1262
1,5,779,72,1284,778
2,4,490,2,475,1942
7,1,546,73,940,229
4,2,15,71,507,1660
4,3,888,46,1168,2152
1,4,1141,64,376,1740
9,1,529,35,539,1140
7,2,998,68,327,624
5,4,1012,1,72,663
3,1,86,74,445,2796
10,3,215,77,884,1010
6,3,1235,17,427,317
9,1,1190,70,181,2362
10,2,139,68,784,870
1,2,912,57,659,1672
3,2,742,71,1375,2558
6,5,322,67,341,479
1,1,1053,35,540,2456
1,1,1148,57,325,2441
10,4,784,26,371,1444
9,5,1040,11,1267,2621
8,1,175,59,741,787
6,5,702,32,1044,158
10,2,583,31,1366,1407
5,5,855,46,921,182
1,2,1197,77,984,701
5,1,580,60,616,838
5,1,748,12,1444,1353
6,5,408,26,384,1006
1,4,56,21,1241,2353
3,3,111,35,9,1613
1,1,309,33,61,426
6,1,644,51,1082,1417
5,3,285,36,532,2401
4,1,799,12,1017,1475
9,5,1155,50,1083,2289
4,4,1064,74,894,2141
7,3,954,19,1165,2949
4,4,1095,29,648,376
3,3,737,75,1062,847
1,5,652,77,517,36
1,4,342,67,1376,289
1,3,433,41,242,243
7,1,160,37,979,14
2,5,674,24,820,2928
9,2,487,66,190,2991
9,2,820,47,1165,2156
9,1,961,1,1360,2799
8,1,92,66,43,1764
9,3,501,37,270,200
10,1,49,52,402,2022
5,1,26,42,881,2131
5,1,988,75,737,748
2,4,116,7,520,345
5,1,1101,22,118,2532
10,1,223,37,169,1046
8,5,198,70,63,2087
5,1,587,66,5,1419
2,4,1133,49,144,1580
5,1,1051,68,830,2224
5,5,441,35,264,2006
1,1,53,61,1339,1313
4,5,13,70,1431,1553
7,2,85,76,1455,1306
8,1,1280,68,1245,1197
3,3,376,70,1410,2507
2,5,931,36,1405,2053
4,2,905,33,677,522
8,1,721,78,516,1795
6,1,786,11,925,2688
3,4,333,74,1458,910
4,1,1080,8,645,1097
3,5,943,74,996,1619
9,1,453,61,187,371
1,5,1254,37,84,553
3,5,1262,50,1395,2850
8,1,147,29,1427,1166
9,2,1074,63,629,1437
10,4,1273,16,407,381
3,4,984,24,816,2701
8,2,497,24,820,226
1,3,1200,41,798,46
5,5,1176,42,762,2167
10,4,259,33,651,98
6,3,854,36,1233,653
8,1,49,24,38,2287
8,3,304,47,1240,2158
5,2,837,48,1468,1185
3,2,38,76,914,2423
3,5,1119,26,1109,2821
7,3,279,35,409,2739
2,5,573,42,1433,334
4,2,517,23,633,802
6,3,1169,73,722,2484
2,2,263,29,570,1199
2,1,641,37,76,2947
7,1,958,37,1000,1950
10,4,417,67,597,1211
6,2,12,57,926,103
6,2,1106,17,133,889
7,4,789,39,796,687
4,1,384,76,309,1112
4,1,1184,17,1383,1856
7,3,158,49,654,2652
1,5,982,72,176,2039
7,1,457,34,1327,875
2,1,1220,47,622,612
8,5,582,49,1098,2732
8,5,139,76,175,1771
1,3,1065,48,131,1391
9,3,531,21,1242,736
7,1,279,70,1032,1621
2,4,1054,68,734,1689
4,4,8,17,705,134
2,2,182,50,884,1502
10,3,342,35,1064,1827
8,3,410,6,307,2346
3,5,460,57,786,1854
9,2,21,15,1362,29
3,2,842,49,435,1512
9,5,371,77,1357,458
7,4,1251,31,725,2077
4,5,1101,49,843,1648
8,3,1154,66,786,2316
3,1,824,6,398,2420
7,2,887,24,208,1858
1,2,776,11,1212,597
4,3,778,30,162,1348
4,4,1222,37,26,971
6,3,516,55,153,1339
2,5,359,55,741,2592
3,3,841,23,1308,2646
8,1,1063,36,888,2409
4,1,180,42,404,245
3,3,855,70,396,472
6,2,920,57,18,813
7,3,1199,45,423,2066
1,4,394,32,595,2986
8,4,291,10,558,1263
9,4,217,29,1180,166
5,4,1219,70,114,1124
1,1,194,1,808,2015
7,3,694,26,995,58
2,5,605,61,1143,1661
10,2,150,19,900,751
6,3,207,65,206,2269
10,2,45,23,273,1233
6,2,564,32,278,1102
7,2,965,66,1352,1076
9,5,131,37,589,2393
2,1,433,21,795,1429
2,2,1212,9,1137,499
5,1,1096,49,97,2208
8,3,148,26,1338,811
7,1,556,21,1293,403
2,4,847,47,594,1831
4,4,1034,46,1159,2410
8,5,585,65,1461,2762
5,2,1283,32,537,2616
10,2,38,64,967,2386
4,4,351,66,306,2274
5,3,134,13,990,2294
10,5,104,54,304,570
8,3,445,57,1196,626
3,1,159,29,1177,1518
5,1,192,65,1160,670
2,2,1287,46,464,1506
8,4,207,17,1464,2942
7,5,308,52,170,709
4,4,491,69,1233,1545
1,5,436,60,605,1930
7,1,900,26,545,659
1,5,387,23,1229,1986
4,1,1289,37,496,2154
2,3,312,68,190,141
10,3,665,26,150,2686
4,5,179,48,130,934
7,1,1098,48,277,1177
10,1,64,47,703,2758
8,5,880,71,652,2322
9,4,406,77,1406,2047
3,2,253,61,307,2873
9,3,158,67,630,72
7,1,357,17,73,636
3,5,1023,48,870,383
7,4,385,63,802,2791
6,4,109,46,636,1182
2,4,437,32,632,1550
1,4,97,66,450,2509
2,2,845,24,102,2364
7,3,337,65,736,1729
10,4,287,10,494,1773
2,2,560,19,800,661
7,2,1061,68,810,550
5,5,1171,39,994,2908
10,1,614,61,112,737
5,5,306,22,1344,2531
2,1,504,71,1395,2711
5,2,789,33,552,1793
10,5,53,10,1140,2438
10,4,1,66,1084,1815
3,5,1188,37,123,1107
10,3,102,19,203,1406
3,4,769,22,777,1704
7,3,1218,63,961,972
8,2,1238,31,1261,2993
10,1,736,37,289,2342
10,5,437,37,957,1117
2,1,1173,47,641,1593
1,5,298,5,745,1358
4,1,540,77,415,1739
1,2,745,22,1062,2182
2,3,233,31,770,1023
9,3,443,66,1048,884
10,2,1188,68,1045,1099
1,2,485,47,327,649
9,5,59,8,1196,600
10,4,1180,32,133,2972
2,4,197,46,728,2588
4,1,712,69,652,580
5,1,55,52,838,1071
3,3,910,26,1460,2846
9,1,780,77,462,2505
9,3,823,68,1043,2183
7,3,63,68,972,807
4,4,36,57,1314,162
2,3,607,61,1245,1514
6,2,467,39,863,671
8,3,961,76,815,925
9,4,612,69,1164,781
2,4,1230,77,859,2733
9,1,445,29,267,854
5,3,756,39,66,1121
10,5,256,71,803,2768
8,4,287,54,204,47
10,2,1108,33,1140,2704
3,4,272,22,374,868
2,3,68,65,1090,1614
7,4,288,50,651,764
9,1,950,35,635,1537
6,2,61,1,546,444
6,2,1014,25,967,485
7,5,257,70,1239,2002
7,1,878,49,1157,288
7,1,644,24,797,59
4,2,789,77,871,1479
6,2,1275,12,262,1742
6,5,73,35,1303,853
2,2,1017,55,568,409
5,5,134,39,773,1178
4,1,324,39,686,638
2,5,937,48,508,515
8,4,924,75,1280,504
3,3,1223,63,1249,255
9,1,27,35,151,602
5,4,383,33,916,846
5,1,336,70,1200,191
10,4,677,32,880,2133
8,1,755,71,572,2304
5,3,38,37,493,582
4,2,1023,68,1149,1254
7,4,1108,47,899,2057
10,2,1020,21,208,1522
2,4,709,54,963,1315
2,2,207,30,981,1093
2,2,1142,64,1472,1028
5,2,409,27,1179,1985
5,1,415,26,350,1637
3,3,1101,29,716,1722
7,4,1034,63,514,380
2,5,571,73,1254,1892
5,2,1174,68,835,544
5,2,544,65,1169,1918
6,5,1224,33,636,2740
5,2,542,2,488,830
8,5,212,64,102,457
6,1,986,42,1330,2982
4,1,620,23,1324,220
1,3,945,21,92,839
4,3,775,31,1234,254
10,1,607,1,542,1911
7,3,771,36,682,1866
10,5,880,48,1465,2854
6,1,114,50,427,1847
5,1,389,74,557,2074
8,4,294,61,754,1750
7,1,175,77,150,1612
1,4,642,76,1389,529
2,3,1136,31,122,1879
6,1,512,31,1243,73
9,5,557,7,125,2349
3,2,69,67,691,42
2,1,180,33,469,1968
9,4,494,68,1329,2045
5,4,467,21,868,1448
9,1,518,61,1034,917
8,4,464,69,1442,285
10,3,758,65,815,1794
2,3,596,24,163,1134
9,3,1288,1,1215,2240
5,4,1207,57,1097,2865
1,1,819,1,183,1684
1,3,5,55,35,2337
4,4,903,13,415,1036
1,4,969,52,136,799
1,5,685,72,1464,88
3,1,826,57,1257,332
6,2,884,66,369,921
1,2,1098,17,1094,446
1,4,1234,57,274,1665
2,4,151,73,1248,2516
6,5,903,52,542,2867
8,1,146,57,954,2586
10,2,1213,72,815,2984
6,5,650,57,366,1912
10,1,240,35,1402,1725
4,3,398,46,266,513
2,3,646,14,828,2177
3,2,540,45,544,1072
5,4,817,60,819,2878
10,3,410,29,1344,1384
6,2,659,32,1054,324
6,4,1272,49,1319,1287
3,2,79,76,1113,1133
10,1,119,2,435,2312
1,1,11,73,163,897
6,2,53,71,266,2601
1,1,172,50,179,789
10,2,994,74,1416,2582
7,1,1025,73,1290,521
3,4,836,19,778,2550
10,1,825,19,1206,1893
4,4,238,49,945,2708
9,5,478,35,490,2907
4,5,565,24,1306,2199
2,1,1100,48,127,2326
7,1,571,29,1149,2016
10,5,1013,39,1333,974
5,5,682,27,1227,2585
3,2,1043,33,1122,1161
8,1,835,37,124,1077
1,4,765,54,482,2771
4,2,138,25,836,1664
3,4,1132,52,185,1987
8,5,468,52,935,607
9,3,543,68,825,434
5,5,339,21,755,193
1,5,1172,74,506,2495
10,4,755,39,143,2171
5,1,247,49,701,1186
10,1,107,9,440,57
6,5,572,72,807,2064
5,2,581,52,162,2595
1,3,682,45,379,740
2,4,193,5,583,2134
8,1,122,73,76,2672
8,5,568,30,781,2040
10,1,367,24,720,1320
6,3,1039,59,109,2381
10,2,293,50,1081,994
10,3,480,54,1310,2347
2,3,586,67,852,2838
8,2,256,69,978,451
5,2,1028,66,763,1223
1,1,890,63,865,684
7,2,969,19,422,2285
6,3,476,25,65,1855
10,2,94,32,915,494
1,5,950,35,255,1025
3,3,1167,36,1151,2804
6,5,495,77,508,1694
1,4,867,25,480,2961
10,3,418,60,106,654
2,3,229,22,1338,1054
6,2,946,37,68,1877
1,3,974,32,505,489
2,3,1168,7,346,2679
8,3,1156,48,151,2659
10,4,375,23,712,1875
8,3,805,33,637,2041
8,2,1153,64,1405,686
7,2,1029,74,967,2048
6,3,889,47,396,2613
3,4,629,35,1475,2695
5,2,1103,45,886,2218
8,1,504,29,796,2637
6,1,1148,17,603,177
6,2,438,26,809,1290
6,5,889,1,451,630
3,5,665,22,294,712
2,5,145,32,324,1224
6,4,1088,63,108,2234
3,5,473,37,588,218
8,5,84,70,737,1491
6,1,137,30,624,1168
2,1,86,32,442,27
8,4,269,74,303,886
1,2,940,29,916,1498
2,5,1204,33,494,1476
8,4,344,19,391,561
8,1,1187,69,995,1946
4,5,1102,46,30,2268
2,5,1088,63,464,2314
3,4,277,48,661,291
8,3,161,22,598,738
9,1,141,37,899,1481
6,4,269,42,860,2084
9,3,1041,65,1118,2192
6,2,18,32,573,2767
7,3,139,37,830,1062
3,5,150,5,1464,2540
5,3,48,46,844,1533
7,1,167,75,936,2971
6,1,661,24,221,2573
8,5,421,57,415,1527
2,5,947,35,87,1105
2,1,279,37,1049,1474
9,3,1092,60,504,2511
7,2,579,31,738,2844
5,2,38,23,985,278
9,3,380,52,97,2866
8,2,848,52,98,2090
7,1,207,32,1062,2989
2,5,717,77,568,1971
7,3,999,15,1073,2656
3,1,609,46,978,2824
5,2,812,66,260,767
4,2,183,48,1207,2636
6,4,276,30,108,777
1,2,600,39,1303,879
7,2,219,1,692,680
4,1,255,66,839,760
8,3,785,55,59,352
3,5,115,29,178,1917
3,5,533,54,1295,1701
10,5,2,33,67,2752
1,4,1042,65,79,1816
5,2,452,24,407,958
2,3,23,6,799,610
10,3,750,66,26,2329
1,4,241,35,1304,1504
4,5,1195,73,1364,449
6,5,1161,35,90,328
3,2,560,48,16,1175
3,2,212,12,269,1540
10,3,573,21,931,431
4,4,1274,60,562,2127
4,3,921,59,965,387
5,2,949,45,956,277
3,1,385,65,1076,728
5,3,1065,57,501,718
6,5,291,66,136,2214
5,5,881,64,339,2776
2,5,89,67,1393,2966
3,4,1080,66,1317,2570
4,4,290,63,509,579
9,1,276,69,1272,1783
1,5,1165,77,1114,1791
7,1,984,75,422,2488
3,1,240,54,259,2137
2,5,991,70,286,1330
1,4,321,48,1254,613
3,2,864,72,633,1901
3,3,993,69,154,1520
6,3,443,24,419,874
10,2,1060,69,688,1020
5,5,649,24,1331,824
4,4,700,37,299,2571
2,3,1182,1,720,366
4,4,1011,21,1070,844
2,5,259,22,366,785
9,1,277,30,1351,2088
5,1,283,1,1120,487
9,1,3,19,1301,2293
8,2,788,69,235,1609
6,3,520,29,1152,1064
9,3,782,54,905,1765
3,3,1253,39,510,1413
6,1,210,70,574,465
9,4,883,41,790,372
1,2,867,61,849,2543
8,3,262,77,209,721
4,2,832,36,494,551
8,5,1026,22,823,1586
10,3,247,71,933,2515
7,5,796,74,1191,460
8,5,1126,61,73,408
4,2,149,21,331,1525
5,2,932,41,1340,1555
2,2,882,13,276,977
2,5,457,65,1427,1496
8,3,384,36,856,461
3,4,914,35,987,1181
1,5,143,33,1273,68
10,4,868,63,730,1225
4,4,911,23,1327,2448
10,1,886,6,69,2884
5,3,678,30,409,2260
2,1,453,30,804,2046
8,5,1255,57,1374,743
3,5,1029,74,1119,2367
1,2,538,57,472,1180
5,2,1113,1,77,1292
5,1,941,63,50,2667
7,4,576,77,1344,2629
6,2,1280,57,1289,286
6,4,894,19,166,2425
8,5,646,50,436,319
3,5,648,29,742,230
4,1,209,33,841,1758
4,2,628,35,817,2941
8,5,478,72,381,1841
9,2,1111,23,896,1464
4,5,1232,9,538,172
2,3,347,55,82,1629
6,2,256,47,72,2827
7,4,164,76,687,1988
5,4,1288,23,1016,1389
4,3,707,45,1226,1289
4,5,646,74,1279,1862
9,1,961,77,1058,2713
7,2,1022,65,179,357
4,1,570,72,155,1995
6,3,962,61,1212,2894
8,1,1192,46,397,388
5,1,373,71,593,2680
5,5,1019,39,851,1728
2,2,1228,53,133,949
9,4,112,75,119,1495
1,4,303,1,31,998
8,3,911,73,424,2879
1,5,14,26,228,2308
7,1,113,70,1155,683
5,1,982,52,1147,2412
6,5,722,37,390,1682
4,4,188,13,80,1780
2,2,1289,67,815,696
2,4,1106,57,667,1636
5,1,990,54,675,2698
5,1,982,23,697,1899
5,2,1210,40,47,53
3,1,239,54,87,1153
7,1,703,11,319,119
5,1,704,65,1035,1471
6,3,197,49,394,2992
3,2,925,42,1135,1910
1,2,1222,21,518,2188
3,3,676,17,233,995
1,3,132,76,53,2753
1,1,262,65,547,986
9,2,789,65,646,1622
4,3,1209,31,1417,2288
6,2,37,23,597,2405
4,5,478,30,300,1744
4,3,113,21,242,1736
1,2,222,24,417,1872
2,4,951,60,2,2063
4,4,442,9,404,2358
10,2,937,45,297,1523
1,4,390,13,1059,1453
4,4,40,21,1257,2840
4,3,1118,1,43,269
6,5,354,68,628,128
3,3,412,47,839,1543
9,3,178,19,312,840
5,5,1008,39,196,262
4,1,225,21,368,643
7,5,297,47,524,719
9,1,702,30,1347,2630
6,2,273,36,217,2969
5,3,342,26,6,105
2,3,340,33,101,1342
1,3,403,67,885,2013
1,3,123,30,450,2246
6,5,531,22,207,349
5,3,1015,47,16,227
4,1,1244,1,1336,272
10,2,745,23,902,2169
6,1,497,73,1430,1252
9,4,1160,50,779,43
9,2,380,73,521,2379
5,2,918,54,1212,669
6,4,1043,54,1025,1894
10,4,1269,58,1171,232
7,1,954,25,873,2248
2,5,352,21,483,1871
8,5,415,47,914,2803
4,2,674,19,705,678
10,5,51,31,784,2252
4,5,603,57,1105,287
3,5,1116,55,1093,76
8,3,1230,46,1170,2206
4,4,494,77,226,1886
10,4,776,68,1060,316
10,5,424,76,117,2189
4,2,292,36,521,258
4,2,953,70,1153,2670
4,1,214,33,120,1966
5,2,475,22,750,1761
6,1,851,52,1080,393
5,2,497,72,202,1842
2,1,1283,36,883,24
8,3,1225,77,1283,2172
10,3,651,74,505,147
8,5,381,32,511,271
6,3,545,29,385,1300
10,4,461,63,445,762
5,3,69,23,753,1650
5,3,349,46,1381,2390
1,2,576,63,51,2175
6,4,890,45,1324,930
8,5,1140,59,1431,2012
5,1,1067,9,121,1245
9,4,652,46,1259,1340
5,3,197,65,1333,390
10,1,734,25,1390,1057
5,4,124,63,480,2116
2,2,267,33,362,894
7,5,1019,26,601,2622
1,5,34,57,135,1508
5,1,497,24,1161,2202
5,5,1160,49,1233,2690
6,2,301,45,484,901
9,2,408,21,604,400
8,2,513,10,1294,2693
8,4,462,70,422,1067
3,2,1057,71,575,2513
2,3,927,49,1037,2962
7,5,2,2,1044,1825
3,3,1052,24,947,2862
3,3,249,24,92,985
1,2,98,31,906,1273
6,2,1125,71,1193,1337
7,2,80,39,159,2100
4,3,1094,35,682,1269
9,2,83,57,667,609
8,2,431,71,540,987
5,4,4,69,1222,2632
3,4,174,67,505,1803
4,2,1011,73,1238,1949
9,3,737,30,662,475
7,3,929,42,608,1298
1,1,332,57,400,1103
10,3,518,75,633,120
2,1,655,73,1009,2210
5,4,566,77,1154,618
3,4,1289,17,939,906
1,5,813,70,1351,340
9,5,460,23,640,1191
2,3,281,1,1252,2645
4,3,1026,77,684,2305
7,5,861,71,1282,693
10,4,341,17,580,2745
10,5,559,57,603,1818
3,4,444,45,683,2798
2,4,812,25,1025,2099
9,5,374,77,1385,1718
7,4,273,33,131,1179
8,4,864,30,952,798
7,4,149,37,929,2603
8,1,513,61,805,554
10,2,563,45,1361,2807
1,1,112,17,878,1106
1,1,234,21,712,196
3,1,722,59,1127,1169
3,2,318,76,1286,1399
7,1,370,25,1183,2779
6,5,420,77,873,402
10,2,462,66,909,1221
9,1,852,41,88,2163
7,4,893,57,705,2994
1,2,126,61,350,1934
7,3,761,45,665,2597
1,5,361,68,1238,1956
1,5,276,63,1005,2839
2,2,31,17,695,2067
1,4,424,19,472,2056
6,5,915,24,1284,1849
9,4,348,33,539,2107
4,3,859,23,894,1708
8,1,176,63,228,989
8,2,1030,72,1369,452
3,3,991,29,907,2341
9,4,910,77,264,189
4,1,666,61,269,716
3,4,458,55,360,1317
9,2,981,35,1092,2376
5,4,734,48,1119,2716
9,5,331,73,1267,1806
1,3,497,60,951,233
3,2,357,33,370,313
7,3,56,54,710,368
9,1,136,48,1219,1248
2,3,542,65,831,812
6,5,601,30,284,1482
9,5,69,19,3,2473
10,5,859,71,990,749
2,2,896,77,1312,1066
7,4,120,42,676,1053
6,2,1131,76,1029,2421
8,1,637,22,828,2626
10,2,10,39,228,1411
9,2,247,48,1144,2641
6,5,918,68,396,2522
2,1,706,45,453,2503
4,2,25,76,847,2482
3,4,1062,74,318,2860
2,2,107,31,1178,932
1,4,1176,71,640,2267
2,1,276,1,865,1279
9,5,771,23,1213,642
8,3,30,32,254,79
1,3,671,7,1250,1222
2,4,936,39,826,1974
2,4,296,54,790,849
2,3,549,17,431,1466
6,4,218,32,1010,1838
6,5,822,19,930,533
6,5,1012,31,529,1640
10,1,789,67,1309,1009
10,3,239,59,1144,2826
2,5,126,37,417,1141
9,2,726,45,703,960
9,4,563,47,700,694
3,5,457,22,1021,2666
7,2,830,54,521,1060
2,2,129,61,1258,1928
2,2,998,31,591,2967
6,2,35,46,660,1627
4,5,591,23,1227,375
4,4,937,22,143,2463
1,5,963,49,881,2614
6,5,682,14,70,1318
3,4,480,47,358,48
5,2,1154,48,1354,869
10,5,1007,45,1418,1276
2,5,403,77,967,1726
6,1,1233,35,505,1805
10,4,464,47,268,1755
9,2,551,22,142,1228
1,3,1196,21,1036,2792
2,1,177,36,339,2937
9,4,468,46,96,1386
1,4,348,29,698,1372
6,1,336,29,1394,928
4,1,1220,47,970,2455
10,5,747,17,616,2931
7,1,474,66,144,81
10,5,85,42,1374,1094
7,2,603,30,845,17
5,1,527,22,1419,1044
9,5,42,1,1117,2777
7,3,661,4,1134,2877
3,5,713,65,5,2502
2,1,396,45,489,2160
3,5,611,54,453,2198
8,1,149,46,42,20
4,4,266,64,1158,1401
3,5,783,29,901,1431
7,5,827,25,89,280
2,1,1087,32,1172,102
10,3,326,66,648,109
5,5,1050,31,1343,1232
6,3,886,42,927,1582
5,1,1031,69,584,1633
1,1,644,35,1275,344
3,5,482,19,155,236
3,3,871,7,585,439
3,2,788,72,808,10
2,1,955,20,401,2855
8,3,1062,17,1269,173
5,5,1276,77,225,2487
8,1,837,75,1441,1250
10,5,576,5,460,536
4,5,969,19,1362,49
5,2,355,39,639,1303
5,3,896,74,891,1149
7,5,694,24,1454,2030
3,2,1031,13,1010,1835
1,5,207,24,252,2979
1,3,235,68,108,149
5,3,7,73,452,1037
7,4,771,69,1341,1534
3,3,140,1,325,1874
2,1,996,1,807,129
4,1,579,39,401,477
3,1,654,29,1337,25
8,2,90,60,613,2587
2,3,866,75,855,2153
10,3,1042,49,540,2250
4,4,325,57,1386,1387
7,3,23,67,535,1932
3,2,1196,35,884,480
6,1,1023,72,855,1059
2,4,808,30,1415,432
9,5,724,17,431,940
5,2,226,64,94,292
7,5,76,68,1152,1041
7,3,427,77,181,2230
1,4,166,48,794,1236
1,4,731,30,1068,2676
9,4,202,66,1365,1976
2,3,42,67,955,2620
3,4,589,23,116,1811
1,1,369,41,967,377
5,3,1074,17,1154,1957
6,1,26,72,142,1538
10,1,391,48,1007,257
6,3,10,71,744,2474
3,3,276,17,970,2050
9,3,1077,35,171,2549
6,5,937,22,541,1487
5,3,1286,25,267,2691
5,4,734,24,1418,1572
6,1,322,31,895,495
9,2,345,41,2,1770
7,1,373,70,684,7
4,5,818,66,690,2842
1,1,238,61,1368,705
3,1,469,35,617,771
4,4,868,19,633,733
1,5,155,70,619,919
4,2,103,11,645,2440
4,4,94,15,945,1203
2,3,254,76,1399,2000
8,3,1198,30,948,1308
4,1,665,26,1144,1578
10,3,109,68,377,714
4,5,353,52,1443,567
2,4,152,54,786,765
9,4,1100,42,115,2900
6,2,583,41,403,1367
9,1,411,17,689,1539
6,1,612,54,1264,2190
2,5,1201,25,1307,2180
3,1,917,29,405,2315
3,4,1227,41,642,298
5,4,905,69,692,216
8,2,1036,29,417,1408
8,5,423,77,555,2144
8,5,687,59,328,2007
3,2,714,29,149,268
5,4,868,19,944,2742
10,3,292,50,945,1344
8,1,374,36,61,1851
9,4,433,54,1046,795
5,1,682,69,67,1964
7,4,792,48,101,1220
3,2,316,12,176,92
8,1,67,24,6,199
7,4,10,72,1288,2684
4,1,585,49,384,2407
2,2,1018,29,474,2291
6,2,580,71,1318,355
7,1,358,31,1361,2338
2,2,208,26,816,443
4,2,1113,74,1383,2251
2,3,687,76,1436,664
1,1,134,59,69,1244
6,2,20,47,357,275
9,2,352,46,740,45
10,2,134,26,1106,2115
7,2,1135,66,276,826
1,5,802,25,898,327
1,5,1089,76,389,41
5,2,421,48,581,235
1,5,1207,36,861,2818
4,3,1242,49,537,540
5,1,203,1,958,1450
2,1,920,60,1326,973
5,2,448,57,869,2238
8,4,904,35,1438,2480
10,4,927,60,5,2295
8,2,604,36,1257,2310
1,2,888,41,670,1085
5,5,1023,35,420,912
8,1,1049,46,893,784
8,3,398,60,495,1052
4,5,830,24,510,1398
10,2,422,37,709,2795
5,3,380,54,1448,1850
8,1,802,30,487,2790
9,5,904,60,1324,1345
9,3,400,71,532,2428
7,5,42,77,716,1377
1,3,881,24,377,2946
8,3,355,17,391,644
5,4,159,2,979,982
10,2,360,26,96,2003
3,3,1099,75,897,1807
6,3,757,45,897,361
2,4,1003,55,1041,2615
3,1,725,3,726,2443
1,2,1143,59,116,2283
1,5,278,66,995,2398
6,3,739,52,712,497
5,1,1145,30,1151,880
3,5,831,26,421,2351
10,1,1282,23,1228,1675
9,4,645,47,1127,922
9,5,985,67,1290,1861
6,2,449,17,23,753
5,5,1127,63,1176,1711
3,4,376,76,564,146
1,5,983,37,54,2563
7,3,1054,57,577,2402
9,3,757,74,1249,1116
3,2,1257,30,890,779
10,3,683,68,528,2902
7,2,615,76,652,2236
2,4,1161,63,129,2874
5,2,1056,49,914,2301
9,3,543,46,987,2765
2,1,1195,22,164,1705
9,2,1079,63,325,307
2,3,353,33,21,741
2,5,1211,21,1271,1925
7,4,266,6,471,1889
8,2,65,15,763,1210
6,2,128,10,62,2355
7,1,1237,74,476,2126
2,4,1113,59,689,2201
3,1,694,35,200,2478
6,5,401,33,14,1840
2,4,356,48,1150,2781
2,3,1011,20,1220,675
6,5,395,21,1167,831
2,2,369,11,1422,1813
5,2,324,2,1159,1322
5,2,248,42,163,1697
5,1,884,76,935,214
2,5,569,68,28,2112
1,3,975,59,1242,159
10,2,320,17,235,80
6,3,135,35,325,676
9,3,708,68,434,2475
9,3,1238,61,33,1427
10,2,295,25,1476,2665
2,5,102,23,923,2530
2,4,441,68,567,772
3,5,465,25,159,1366
10,3,90,66,1079,2671
10,2,1291,1,1450,1676
6,4,341,56,762,1959
5,3,433,1,1089,197
7,1,798,76,238,1031
3,5,1035,37,845,2332
6,3,1290,66,1022,2014
9,5,159,22,457,468
1,3,674,33,1334,959
2,1,905,68,589,84
6,3,840,31,1200,1641
5,2,652,77,162,2951
5,4,718,64,1033,2245
6,2,1229,21,761,1935
1,5,1205,46,424,296
9,4,188,34,527,2187
7,4,957,77,1020,2212
10,5,1011,33,514,1620
7,4,438,1,1418,2600
1,2,814,63,1349,520
3,2,47,73,453,1416
8,2,1254,42,473,1158
6,1,1218,77,1078,2545
7,5,426,24,561,1080
7,2,349,21,1,267
1,1,654,75,158,1143
10,3,478,71,980,1569
7,2,335,63,481,1338
4,1,933,76,1316,2774
2,4,1147,25,1178,1160
7,5,758,29,408,1081
5,3,581,1,1186,2333
3,5,1035,26,1379,1073
10,5,355,39,934,1836
4,4,838,52,1264,1165
4,3,1130,25,584,1499
10,1,320,60,291,1304
5,1,1021,74,1007,2396
8,5,106,17,651,1261
8,4,1241,54,316,478
1,5,907,29,704,2602
7,5,548,36,796,308
7,5,829,33,964,421
8,4,204,71,1267,1357
1,3,14,56,692,1493
2,4,1089,26,1433,115
10,3,322,42,345,2162
1,5,77,21,906,484
1,5,280,59,1375,2655
2,3,438,59,622,2547
6,4,1202,8,1442,2468
5,3,1174,49,692,2427
3,5,497,6,909,2607
6,1,89,23,224,1583
4,4,27,24,90,672
1,3,323,59,152,1122
9,4,326,22,680,126
10,3,1066,55,872,82
9,4,525,30,1285,2642
4,1,1124,46,315,679
8,4,123,66,1274,1921
9,1,998,24,1040,2085
9,1,631,68,346,1198
10,1,619,26,908,2173
1,4,654,17,743,563
2,3,334,49,1170,2517
2,5,228,49,1168,2242
1,1,443,77,634,1607
3,5,702,68,1050,1202
4,1,585,57,1017,374
7,2,199,54,911,1282
1,5,87,31,24,1063
9,2,1276,37,549,1883
7,3,299,73,1452,1374
9,3,1037,23,86,924
4,4,1179,33,388,2988
10,4,526,19,62,2788
4,4,1253,60,1368,1779
2,5,591,1,1334,1266
3,1,609,42,397,1334
1,3,859,54,1387,38
2,1,670,28,788,2633
3,1,833,63,925,2369
9,3,1130,33,653,1326
4,3,1156,76,1030,2241
9,1,792,70,1409,28
3,1,574,59,1461,1571
10,3,498,32,270,1631
8,5,819,47,1057,1677
4,4,633,6,1179,769
9,1,105,76,818,1820
8,3,814,22,706,2174
2,2,159,1,458,2340
7,1,298,18,410,2504
2,3,486,48,1297,937
7,5,71,69,686,1589
10,3,829,1,865,1703
3,4,249,24,113,2724
8,2,148,60,1103,832
8,1,887,17,1233,2148
4,4,674,41,459,1955
9,3,289,7,1063,2493
4,2,389,48,213,1415
9,1,797,23,661,2521
2,1,505,35,215,1962
2,3,375,76,405,1691
7,1,518,75,67,1784
10,2,28,72,3,571
1,4,332,47,1471,1423
5,4,367,35,30,904
9,3,377,59,1088,1848
1,2,738,15,351,2918
3,1,1278,17,121,1420
10,5,328,66,1264,1008
9,2,267,16,439,2059
3,1,964,57,751,2298
1,4,178,55,1429,423
7,4,528,69,85,825
5,2,259,1,1463,855
7,4,383,20,1126,90
4,2,238,50,1134,2812
10,3,913,71,764,1524
3,4,34,52,1271,909
3,5,1190,71,388,819
2,5,956,29,293,2095
6,2,846,25,178,54
4,5,223,61,1459,482
3,4,707,63,695,2094
2,4,497,21,224,2055
8,4,542,66,1016,1598
9,2,44,75,1381,1042
1,2,702,57,367,1973
6,4,370,49,267,16
2,1,131,33,986,1461
4,3,525,31,660,2165
8,5,423,35,1252,560
10,4,108,25,1221,1716
10,4,534,31,815,1484
2,3,551,61,221,2469
6,5,1215,46,852,882
6,4,369,57,320,2254
1,2,991,1,196,1131
6,2,1101,70,635,1207
4,2,260,72,1439,564
6,2,1168,59,875,2325
7,1,201,37,1470,1812
8,3,864,49,1013,490
1,4,375,60,1204,1489
5,4,1156,57,1358,1458
5,2,501,52,913,321
6,1,368,49,179,603
6,5,1251,55,835,2557
6,2,343,1,999,648
6,2,47,29,487,1174
2,4,901,69,498,2657
1,3,887,33,615,1945
9,5,112,69,1413,1396
8,3,470,45,592,1844
5,3,1229,69,883,783
3,2,808,46,1128,2694
1,1,173,32,15,635
4,5,272,57,1249,586
9,2,970,49,190,1132
9,4,421,39,560,2524
3,3,1078,31,1140,498
4,1,899,24,213,954
5,3,921,59,875,237
6,4,64,70,982,2566
2,5,378,65,1413,266
3,3,1206,19,1378,1501
10,1,334,68,812,2024
3,4,289,11,1127,2146
9,1,918,67,237,757
9,1,615,17,1224,1532
8,1,728,70,194,1048
7,3,542,24,599,2785
5,1,729,24,720,617
8,5,440,26,1330,2454
4,3,845,71,217,1027
10,3,891,32,1143,2518
4,5,225,74,575,2542
10,5,1153,45,833,1800
9,2,147,41,1451,2800
1,2,1061,32,1028,2643
6,2,30,60,1022,2567
2,1,684,60,762,842
7,2,668,22,351,2933
7,5,424,19,1194,1098
3,1,581,55,279,1047
10,4,554,17,297,2415
8,1,1192,49,1450,2155
1,5,1241,6,310,2103
7,2,508,69,493,2411
5,1,849,61,369,2883
5,2,875,50,876,89
7,1,1215,63,75,2462
2,2,773,17,850,1239
3,3,936,69,68,37
4,2,335,45,870,1880
8,4,506,26,822,808
10,1,597,63,883,203
9,3,117,59,732,246
2,4,55,50,186,1752
9,3,109,54,552,2292
4,1,1286,19,21,1373
8,3,460,26,275,519
3,2,133,33,1075,622
6,1,1118,48,330,1275
3,1,703,5,1469,2981
8,2,898,75,585,2465
10,5,834,65,25,411
9,5,161,69,744,2990
10,2,1081,24,952,2166
3,2,543,46,1172,1465
3,5,1233,60,666,935
3,4,710,67,167,144
2,4,222,32,1329,1819
6,1,301,26,1358,2727
1,3,55,31,1448,747
3,2,1125,30,1129,1354
8,4,776,33,558,1975
2,2,1073,54,1447,136
10,5,733,63,67,2404
1,1,440,29,238,1982
1,4,23,22,144,1013
9,4,1120,26,1243,541
6,1,1145,39,1172,887
3,1,704,49,33,1723
3,2,734,68,691,623
1,4,465,72,334,1663
10,5,917,22,169,1541
5,5,1159,68,382,2817
4,4,1180,29,671,2079
3,3,102,7,138,2453
3,1,408,32,32,241
1,5,856,52,1064,2725
5,5,1150,61,401,2927
9,5,1171,54,337,1400
8,5,876,19,1194,1497
9,1,567,53,1261,731
2,2,760,30,94,1713
5,4,955,24,425,2619
7,5,272,24,44,2366
4,1,6,23,1477,300
7,1,1260,74,1026,436
2,1,250,66,922,1997
10,3,231,30,1096,2892
10,2,745,19,539,775
7,5,636,57,359,1164
1,3,205,64,3,2071
2,4,481,69,764,2881
10,5,19,67,1344,780
8,5,1251,46,411,450
3,1,320,74,711,2663
9,4,888,25,821,758
9,4,928,41,546,702
1,3,263,19,431,568
6,5,120,24,463,1196
7,4,431,50,112,1091
3,3,970,55,1277,1734
5,5,1185,48,1142,8
2,1,674,65,953,384
9,2,747,77,790,1003
9,5,219,47,1185,2635
3,1,716,77,418,791
3,2,1,71,1334,1110
7,5,789,50,1451,1365
1,4,744,68,707,514
8,1,377,57,344,1873
10,4,460,30,824,970
9,3,575,57,70,555
6,4,930,69,1388,1428
3,1,524,71,171,584
6,1,1008,69,616,2594
6,1,562,22,1267,1983
3,2,577,21,516,2101
5,3,1021,13,1087,2280
8,3,138,23,839,369
5,1,947,37,1267,1257
7,5,1191,57,1238,2339
8,4,58,77,30,2375
2,1,716,17,1259,4
1,2,899,69,744,1828
10,2,72,19,296,1715
4,2,415,63,1120,1362
10,4,622,57,32,2968
5,2,849,54,1335,67
6,5,1241,45,1182,1638
10,5,128,1,669,2677
10,3,1264,49,358,1148
10,4,27,17,410,1090
8,2,1170,45,757,1754
4,1,1105,59,1025,2952
2,3,276,72,1248,1312
10,1,277,45,256,1557
3,2,821,59,1180,2975
3,2,1183,32,225,800
8,1,711,77,637,2920
1,2,446,63,1382,2276
4,1,450,30,541,2617
1,4,434,46,608,2859
10,4,167,69,919,2343
7,5,877,74,437,2262
3,2,429,1,620,615
2,4,1268,31,52,2917
7,4,1231,76,734,414
10,1,577,48,538,1509
5,5,76,30,522,1426
7,1,53,65,216,2336
3,4,1080,63,168,1188
6,5,1166,22,1455,1
6,2,379,61,889,2875
4,1,213,36,1448,242
7,4,62,24,431,2105
6,1,609,1,992,2729
4,3,439,17,886,2533
3,1,834,68,324,2748
3,4,263,20,497,621
1,1,1105,74,1309,590
7,1,908,36,69,835
4,3,389,70,214,2814
1,1,601,68,1331,311
9,2,943,10,650,2728
7,3,77,68,1337,1457
9,5,1233,59,500,1328
5,3,10,57,121,2985
8,5,1027,33,1271,2334
1,4,342,50,231,575
7,4,1117,61,322,2858
6,1,557,6,238,2080
9,3,709,47,628,1556
6,3,1142,48,848,788
4,5,690,33,1353,2861
1,1,433,30,728,2784
2,2,23,6,968,219
5,5,390,76,1079,247
6,4,386,29,150,534
10,5,190,49,740,2575
1,3,658,61,1111,2073
2,4,222,26,84,2273
7,4,971,25,27,2232
9,5,550,42,576,488
10,3,376,67,705,1194
4,4,1265,21,859,667
5,2,443,38,969,2377
3,3,1141,45,1152,895
9,2,888,41,1466,2578
6,3,758,68,977,1822
4,4,519,61,219,1662
3,4,1266,13,1471,39
9,1,454,46,496,2382
7,2,874,71,1302,202
9,2,460,32,399,673
10,3,1152,25,512,2371
7,3,1104,43,627,447
6,1,606,48,1469,833
2,4,551,25,993,2489
9,5,52,63,748,1238
5,2,758,32,151,1972
3,1,188,64,515,1792
5,2,127,24,373,2697
8,4,870,68,960,2380
10,5,284,1,45,1241
5,5,1057,46,174,1305
2,3,910,36,616,284
8,3,243,25,1448,918
1,3,613,55,554,231
3,3,911,25,1411,2010
6,4,292,12,1258,2609
3,1,430,30,1098,2485
7,1,992,68,811,1747
2,3,372,55,81,1433
1,5,1079,19,582,2924
1,1,70,70,299,2125
5,1,367,32,1192,2481
10,2,1189,66,1228,867
7,3,81,65,1081,518
4,1,796,39,687,1868
9,1,378,4,1012,1646
3,3,799,54,769,1414
1,1,537,71,1057,1173
9,3,1061,19,553,335
5,4,1198,64,1088,2863
3,1,952,26,134,74
5,2,518,47,1043,2470
2,5,268,47,362,394
1,2,1020,46,594,1864
10,4,1210,25,211,2436
9,3,780,71,1125,2848
10,1,790,47,1103,674
8,4,731,57,210,1714
7,2,471,45,1085,442
6,4,855,49,894,2282
8,5,86,26,733,2960
10,5,1002,26,99,1083
1,2,1037,22,523,2948
2,1,430,65,638,464
2,4,382,23,1398,1309
3,1,941,21,555,920
9,3,1164,55,624,967
9,4,853,59,1188,1376
8,5,872,26,1304,1051
9,3,1050,41,39,1126
1,2,292,61,606,523
7,3,191,62,997,2801
7,1,1192,30,530,682
6,2,436,45,578,2897
6,2,1050,65,298,641
2,5,1045,29,105,35
9,1,671,69,177,106
6,4,511,46,1402,2766
9,2,856,39,1008,698
6,2,962,19,533,2786
3,2,52,72,332,2178
4,5,458,75,1315,2730
4,2,82,32,930,2361
7,3,865,35,997,647
2,5,831,21,262,2749
4,1,1068,68,59,929
7,3,779,68,773,2830
6,3,868,37,1087,1369
3,2,382,63,344,1470
7,5,54,69,1032,1301
7,5,1020,35,525,1128
8,3,317,49,447,252
5,4,124,61,1298,1253
5,3,286,20,1065,2674
5,3,1172,74,508,337
9,4,165,33,578,1552
4,5,653,68,294,1720
10,1,311,64,1112,744
9,3,53,72,449,938
2,2,532,29,275,2184
8,2,1021,25,1289,1610
7,3,1271,39,1077,1953
3,3,639,73,373,112
5,1,1010,60,350,148
7,4,562,8,1472,2707
7,2,776,1,451,2921
5,1,442,1,1361,688
5,4,321,67,685,1909
5,1,899,72,579,946
1,1,696,57,892,1472
5,3,703,49,791,2032
1,5,1013,33,461,2888
2,2,932,71,690,1843
5,2,1153,64,1349,12
7,5,1224,68,371,1195
6,5,635,65,516,1721
10,5,680,1,1240,161
2,3,944,1,709,132
3,4,1068,30,1189,2036
4,1,872,24,646,2964
4,4,1161,65,243,78
4,5,1086,58,998,2987
2,3,770,29,1319,1331
4,5,222,35,970,2529
9,5,287,55,740,1021
8,5,1282,37,998,2450
3,2,1016,37,1352,581
4,3,391,1,1100,1606
5,5,186,47,139,1519
6,3,767,77,747,1215
1,5,739,71,1402,1125
2,5,1013,75,1257,2841
4,1,580,26,97,2911
4,3,960,63,1307,2122
3,2,77,67,1328,1425
10,4,1245,75,946,259
10,2,109,23,509,2253
10,1,425,74,602,2097
2,2,970,47,1060,2110
7,4,484,23,715,1187
2,2,87,12,477,576
7,3,667,23,1195,2384
3,3,643,30,1210,720
4,5,1267,77,511,2195
5,3,1047,31,1271,1096
8,4,221,29,211,2151
4,4,648,77,180,1709
6,4,921,68,633,404
7,5,221,41,1125,1651
4,2,707,26,689,2787
6,1,235,33,1183,1293
8,5,731,17,255,589
10,2,463,57,182,2433
5,2,668,74,1246,1297
7,2,246,17,1254,1363
6,1,641,5,873,2820
7,4,394,35,192,809
2,2,1235,36,415,950
6,4,597,29,224,2432
4,2,522,68,658,1967
3,5,984,33,48,866
1,3,529,21,354,2901
7,1,659,25,701,2977
7,2,39,49,192,828
3,1,446,19,89,2998
7,5,65,72,567,1075
7,5,1050,49,1060,1135
9,1,774,1,1420,2764
10,3,904,1,1129,1383
7,2,582,74,61,1916
4,1,96,30,189,1943
5,5,1260,17,254,1055
2,5,1081,32,28,1993
8,3,135,7,505,1513
3,2,616,24,469,2885
10,3,1292,55,299,1375
7,3,719,23,354,1823
1,2,568,57,922,2277
5,5,1220,71,744,208
1,1,959,52,1302,62
9,4,1212,47,121,2466
8,4,564,25,764,2541
3,2,328,65,1247,2029
9,1,866,26,89,2256
2,4,641,24,104,2372
2,4,431,60,764,413
9,4,1263,32,822,735
5,3,939,77,736,2703
7,2,664,61,168,1467
9,2,153,32,1472,2345
9,5,681,65,156,1645
3,3,989,75,102,1760
1,1,293,21,876,1727
5,4,137,33,69,336
3,3,695,60,432,2864
4,1,290,48,1396,1000
4,5,1186,75,887,2170
10,5,721,49,1420,2204
3,2,97,61,484,2352
10,1,818,32,829,94
4,5,902,32,1473,2096
9,5,24,22,71,15
7,2,170,52,1175,143
4,2,878,46,179,2605
4,1,350,64,64,537
3,4,110,36,333,1477
6,2,29,1,1400,2910
1,5,528,50,393,100
3,1,1250,1,1434,358
9,2,1125,63,789,1904
8,2,496,45,267,2956
6,3,81,23,1416,768
4,4,662,67,659,299
9,2,1245,69,912,50
4,1,983,47,296,2718
10,4,341,64,375,204
8,5,195,49,1014,956
7,4,99,30,420,2227
5,3,1240,68,175,401
6,3,265,65,2,1277
9,2,342,22,1072,801
5,3,302,46,933,2593
7,3,1121,33,1446,2496
5,1,341,17,182,2950
5,5,1093,21,1019,1394
3,5,83,35,590,1451
5,2,426,37,582,2392
4,2,1032,68,191,997
7,1,16,69,1451,2857
9,3,127,30,356,2610
1,4,1199,60,232,2823
2,5,964,22,1166,2279
8,1,711,24,203,725
8,4,1222,50,1242,2555
1,3,697,21,329,943
9,5,685,24,1217,1605
1,3,1269,48,1458,1137
5,4,790,21,739,837
1,4,965,12,1288,2459
10,4,396,30,73,2035
9,3,1081,31,252,123
3,3,1247,24,530,2649
6,4,1076,4,689,1159
9,5,681,64,238,1435
2,3,1138,47,73,2449
7,3,1099,26,1362,805
9,1,284,6,1119,2938
9,1,60,77,379,2494
8,3,1143,25,1133,1876
8,4,1159,47,978,1837
1,2,314,1,1211,2849
7,4,393,55,1286,1410
7,1,534,19,102,1192
4,4,125,11,563,213
5,4,1135,45,566,2556
1,4,999,29,428,1176
1,3,816,59,564,30
1,4,129,61,32,2660
8,4,278,35,646,692
3,4,140,39,173,2194
5,3,1172,31,1229,1283
6,3,113,74,265,1324
2,4,854,23,975,86
3,4,793,49,317,2373
9,5,1227,33,903,2235
3,2,914,65,335,2033
3,2,1288,71,556,843
2,4,1037,23,1072,1480
8,1,574,33,910,270
10,5,639,41,599,273
1,1,1022,68,247,1978
7,1,1049,54,348,548
7,5,655,17,19,1897
4,2,606,55,1406,1958
5,5,332,57,1418,1445
4,3,389,26,1069,2092
6,5,156,36,1088,1630
3,2,507,63,749,1258
4,3,473,59,42,1922
1,4,624,11,1042,2709
2,1,1214,48,1011,127
5,3,1283,50,1027,2685
7,3,667,22,1252,1001
1,3,633,21,1421,1095
10,3,655,23,9,2207
3,2,237,25,213,1240
7,2,611,46,1220,420
2,3,35,57,81,2186
7,4,549,17,1067,549
1,3,255,54,720,858
2,5,244,60,416,83
4,3,794,77,868,704
8,2,789,63,975,1970
5,5,557,31,34,2397
9,3,459,57,760,397
10,3,374,19,1304,1038
10,1,688,47,1131,318
1,2,978,68,1113,2903
4,2,1245,32,395,6
6,3,229,45,999,1118
6,5,713,68,1266,1335
2,2,581,48,612,968
4,3,460,67,258,1503
8,3,852,17,1202,1810
6,2,623,55,587,1510
8,4,15,72,997,2136
3,4,909,60,117,2596
5,1,647,25,1432,417
6,2,189,19,240,2389
5,5,980,1,33,569
10,1,810,64,151,817
6,1,49,61,453,539
6,5,555,71,17,1392
4,1,938,57,1163,93
6,1,74,25,1268,367
1,1,538,31,1268,1733
10,2,1256,75,1114,466
8,3,919,42,607,2037
5,4,728,63,1188,662
3,4,5,71,1123,2452
9,1,703,32,523,66
4,2,940,23,153,215
1,5,205,35,594,1808
8,1,1069,55,752,1601
7,2,874,74,405,2157
2,5,906,49,820,441
8,4,148,46,635,2400
3,5,345,55,1329,60
9,4,1146,32,492,1929
2,5,1142,48,1107,1024
7,4,181,55,168,185
9,5,1243,57,442,2098
5,4,587,19,1235,963
8,4,1052,46,1474,543
4,2,870,26,1338,2770
2,2,824,55,58,2980
8,2,1256,26,181,1536
1,1,225,31,426,256
9,2,778,32,796,640
4,4,1115,47,956,2631
5,4,229,31,922,104
10,2,586,29,1422,2618
8,5,22,1,344,97
10,5,923,55,827,2553
10,2,574,23,1229,2760
9,4,658,69,962,726
6,1,230,2,633,2477
8,5,540,22,1195,2584
7,1,1055,70,1047,1017
8,2,848,52,734,1247
2,2,239,25,943,2284
3,4,264,19,129,2391
8,1,718,37,1089,315
4,4,843,21,593,330
2,2,1014,17,1226,1120
6,5,168,21,150,2736
2,5,849,54,925,1584
9,2,624,9,205,1933
5,1,875,49,1253,1639
8,4,327,72,469,463
7,3,224,31,1292,274
9,4,752,49,1281,2735
6,2,141,39,17,2018
2,2,653,46,126,1839
7,5,313,29,272,2537
5,2,1221,54,138,931
1,4,300,73,1442,228
2,4,404,65,658,822
9,4,669,66,1449,2662
5,1,897,52,159,1746
8,5,675,64,1041,2128
7,1,226,72,573,1768
9,1,171,36,1148,1314
